id,food_item_id,donor_id,receiver_id,quantity,status,claimed_at,picked_up_at,created_at,updated_at,pickup_time,instructions_for_driver,pickup_slots,unit,latitude,longitude,postal_code,start_date,end_date,timezone
e9643278-9c6b-4c00-948f-d7e6539e223e,501a8114-d2e2-4a84-91e3-0f4ff0c3b074,c08cf3e1-679e-4f00-ab9c-36089b9aa8b2,,2,available,,,2025-09-12 11:47:39.240252+00,2025-09-12 11:47:39.240252+00,,aa,"[{""date"": ""2025-09-12"", ""end_time"": ""14:00"", ""start_time"": ""09:00""}]",kg,,,,,,UTC
76bc68a1-06fc-401f-b182-9dfc89632dca,9d37b0de-5d66-4ab7-bd49-6e52926fc738,c08cf3e1-679e-4f00-ab9c-36089b9aa8b2,,1,available,,,2025-09-12 10:06:55.442547+00,2025-09-12 10:06:55.442547+00,,aa,"[{""date"": ""2025-09-11"", ""end_time"": ""14:00"", ""start_time"": ""18:00""}]",kg,,,,,,UTC
aed2cec6-c167-4040-a857-9c823efa8654,0e7b3318-4a77-4aee-a0d1-b5d436b93711,44a324c3-7892-4f75-a065-eb2ae1c9d64c,,2,available,,,2025-09-12 05:13:37.646045+00,2025-09-12 05:13:37.646045+00,,,"[{""date"": ""2025-09-11"", ""end_time"": ""10:30"", ""start_time"": ""09:00""}]",kg,,,,,,UTC
989d7f67-451e-40d7-befb-d3dc01f934ff,90900e14-f3ab-40bd-aded-5a65ad38386f,44a324c3-7892-4f75-a065-eb2ae1c9d64c,,7,claimed,2025-09-12 08:27:21.068+00,,2025-09-12 05:13:36.020997+00,2025-09-12 08:27:21.29797+00,,,"[{""date"": ""2025-09-11"", ""end_time"": ""10:30"", ""start_time"": ""09:00""}]",kg,,,,,,UTC
63fbe4f6-7ce5-471f-8abe-3f21a0997ffa,1a59b487-d457-43a1-b2f3-f93f996683d0,c08cf3e1-679e-4f00-ab9c-36089b9aa8b2,,22,available,,,2025-09-10 10:21:03.415936+00,2025-09-10 10:21:03.415936+00,,aa,"[{""date"": ""2025-09-19"", ""end_time"": ""14:00"", ""start_time"": ""09:00""}]",kg,,,,,,UTC
c2af70cb-0c3d-486e-8318-70a62ca4ce38,b4a56eb6-218a-42c0-8f04-d2ff2b6cbf70,44a324c3-7892-4f75-a065-eb2ae1c9d64c,,6,claimed,2025-09-12 05:06:20.554+00,,2025-09-10 10:19:37.253007+00,2025-09-12 05:06:20.692788+00,,,"[{""date"": ""2025-09-09"", ""end_time"": ""10:30"", ""start_time"": ""09:00""}]",kg,,,,,,UTC
0b3b03f8-18e0-43f0-a15d-a6ab8b005bde,d089ed7c-95f6-4997-b2a1-6212f25ae8cc,44a324c3-7892-4f75-a065-eb2ae1c9d64c,,3,claimed,2025-09-11 15:43:35.805+00,,2025-09-10 10:19:35.862996+00,2025-09-11 15:43:36.015245+00,,,"[{""date"": ""2025-09-09"", ""end_time"": ""10:30"", ""start_time"": ""09:00""}]",kg,,,,,,UTC
09bd9eff-4782-4215-b0f5-c4ecc9eb460f,0fc6af6e-d359-4fda-a30c-0a90a9ee023c,c08cf3e1-679e-4f00-ab9c-36089b9aa8b2,,3,available,,,2025-09-10 04:15:55.962978+00,2025-09-10 04:15:55.962978+00,,,"[{""date"": ""2025-09-18"", ""end_time"": ""14:00"", ""start_time"": ""09:00""}]",kg,,,,,,UTC
67da6276-aff2-4841-8931-da7b702f5b0c,d8b6bc44-bc22-498c-bfe4-5a542cbddd5f,c08cf3e1-679e-4f00-ab9c-36089b9aa8b2,,12,available,,,2025-09-10 03:18:07.238532+00,2025-09-10 03:18:07.238532+00,,aa,"[{""date"": ""2025-09-16"", ""end_time"": ""14:00"", ""start_time"": ""09:00""}]",kg,,,,,,UTC
b57faebe-2b1f-42a4-9d45-baf6aa54048a,e3db0e2a-e74d-4055-82f3-c810b35740d8,44a324c3-7892-4f75-a065-eb2ae1c9d64c,,1,claimed,2025-09-10 10:20:44.253+00,,2025-09-09 10:24:41.558285+00,2025-09-10 10:20:44.387675+00,,,"[{""date"": ""2025-09-08"", ""end_time"": ""10:30"", ""start_time"": ""09:00""}, {""date"": ""2025-09-08"", ""end_time"": ""10:30"", ""start_time"": ""09:00""}]",kg,,,,,,UTC
959e5ad2-7f82-4419-96a2-b216f07b2086,25abe3fc-1823-4aff-93fa-c6f0d762c302,44a324c3-7892-4f75-a065-eb2ae1c9d64c,,6,claimed,2025-09-11 15:43:48.173+00,,2025-09-09 10:24:40.915934+00,2025-09-11 15:43:48.272979+00,,,"[{""date"": ""2025-09-08"", ""end_time"": ""10:30"", ""start_time"": ""09:00""}, {""date"": ""2025-09-08"", ""end_time"": ""10:30"", ""start_time"": ""09:00""}]",kg,,,,,,UTC
755e4900-24a3-4603-beb5-045c1cd22419,87c43a6e-7e7a-4106-8537-2822b5177394,44a324c3-7892-4f75-a065-eb2ae1c9d64c,,5,claimed,2025-09-11 15:43:58.075+00,,2025-09-09 10:24:40.285259+00,2025-09-11 15:43:58.171233+00,,,"[{""date"": ""2025-09-08"", ""end_time"": ""10:30"", ""start_time"": ""09:00""}, {""date"": ""2025-09-08"", ""end_time"": ""10:30"", ""start_time"": ""09:00""}]",kg,,,,,,UTC
5f6e9eb4-6f0e-4cfe-a08d-3ea8c750265e,0466224b-2eb6-4d6a-80d3-3671a9d1bbd9,44a324c3-7892-4f75-a065-eb2ae1c9d64c,,6,claimed,2025-09-11 15:44:09.144+00,,2025-09-09 10:24:38.517271+00,2025-09-11 15:44:09.376395+00,,,"[{""date"": ""2025-09-08"", ""end_time"": ""10:30"", ""start_time"": ""09:00""}, {""date"": ""2025-09-08"", ""end_time"": ""10:30"", ""start_time"": ""09:00""}]",kg,,,,,,UTC
f3a08916-4a0e-440e-9f59-af9525f0779b,3baf27b4-9d43-421a-829c-fbfa403a8749,c08cf3e1-679e-4f00-ab9c-36089b9aa8b2,,3,available,,,2025-09-09 05:17:41.621536+00,2025-09-09 05:17:41.621536+00,,aa,"[{""date"": ""2025-09-17"", ""end_time"": ""14:00"", ""start_time"": ""09:00""}, {""date"": ""2025-09-17"", ""end_time"": ""14:00"", ""start_time"": ""09:00""}]",kg,,,,,,UTC
901470a3-2862-4222-bebb-1459afd5a918,31b10129-f9c9-42f3-8e12-964f021134f9,c08cf3e1-679e-4f00-ab9c-36089b9aa8b2,,2,available,,,2025-09-09 04:00:08.906275+00,2025-09-09 04:00:08.906275+00,,aa,"[{""date"": ""2025-09-25"", ""end_time"": ""14:00"", ""start_time"": ""09:00""}]",kg,,,,,,UTC
e0c29357-f254-435f-b7c6-4a0729a96fbe,e434618a-0dac-406d-b2ef-11431aa8b631,44a324c3-7892-4f75-a065-eb2ae1c9d64c,,6,claimed,2025-09-09 08:22:19.398+00,,2025-09-08 10:12:24.046437+00,2025-09-09 08:22:19.536727+00,,Kulku lastauslaiturin kautta & soita ovikelloa.,"[{""date"": ""2025-09-08"", ""end_time"": ""10:30"", ""start_time"": ""09:00""}]",kg,,,,,,UTC
98f4c9eb-257b-4958-8c6d-250a777365d5,3367ef3c-0328-42a0-ab4e-cb3f2c2a32ee,c08cf3e1-679e-4f00-ab9c-36089b9aa8b2,,23,claimed,2025-09-09 04:00:25.158+00,,2025-09-05 08:40:21.848961+00,2025-09-09 04:00:25.294285+00,,aa,"[{""date"": ""2025-09-18"", ""end_time"": ""14:00"", ""start_time"": ""09:00""}]",kg,,,,,,UTC
f8a6eec8-bdb8-4056-8ca1-95b2b04e74c8,449ab2b3-2971-47cf-9a32-2aec7f0c7849,44a324c3-7892-4f75-a065-eb2ae1c9d64c,,6,claimed,2025-09-05 08:20:50.35+00,,2025-09-04 10:39:44.66498+00,2025-09-05 08:20:50.515051+00,,Kulku lastauslaiturin kautta & soita ovikelloa.,"[{""date"": ""2025-09-04"", ""end_time"": ""10:30"", ""start_time"": ""09:00""}]",kg,,,,,,UTC
2752c737-abd7-40ba-b1bf-e441433236fb,e3e7631d-9ba9-41ae-9e98-08aede59188a,44a324c3-7892-4f75-a065-eb2ae1c9d64c,,5,claimed,2025-09-08 06:31:41.449+00,,2025-09-04 10:39:42.417682+00,2025-09-08 06:31:41.565051+00,,Kulku lastauslaiturin kautta & soita ovikelloa.,"[{""date"": ""2025-09-04"", ""end_time"": ""10:30"", ""start_time"": ""09:00""}]",kg,,,,,,UTC
e0dae0f3-b128-4677-8d57-d7435aacdadf,fb3e9db4-13a6-45a7-b9a6-550e3139cb6c,c08cf3e1-679e-4f00-ab9c-36089b9aa8b2,,2,claimed,2025-09-04 15:49:11.69+00,,2025-09-03 23:02:44.797541+00,2025-09-04 15:49:14.499485+00,,aa,"[{""date"": ""2025-09-03"", ""end_time"": ""02:30"", ""start_time"": ""14:30""}]",kg,,,,,,UTC
c2219b81-e2a8-4bc7-894e-7a8edf6dd8fc,1373af66-331a-4d37-8fac-90d5c6ba78f7,44a324c3-7892-4f75-a065-eb2ae1c9d64c,,5,claimed,2025-09-04 10:36:24+00,,2025-09-03 10:31:05.000757+00,2025-09-04 10:36:24.15154+00,,,"[{""date"": ""2025-09-02"", ""end_time"": ""14:00"", ""start_time"": ""09:00""}]",kg,,,,,,UTC
68fed818-ad29-4932-b078-6d4216739463,d5c857bb-5a4f-4a4f-8bb0-f0c13bcc337c,44a324c3-7892-4f75-a065-eb2ae1c9d64c,,4,claimed,2025-09-08 05:47:12.003+00,,2025-09-03 10:31:03.916549+00,2025-09-08 05:47:12.168173+00,,,"[{""date"": ""2025-09-02"", ""end_time"": ""14:00"", ""start_time"": ""09:00""}]",kg,,,,,,UTC
765ba716-ea9f-45df-80ad-4e7b1ff67646,57e32658-937e-4092-a597-25ee9d77cc96,44a324c3-7892-4f75-a065-eb2ae1c9d64c,,4,claimed,2025-09-02 10:09:09.399+00,,2025-09-01 10:14:50.957288+00,2025-09-02 10:09:09.65453+00,,,"[{""date"": ""2025-09-01"", ""end_time"": ""10:30"", ""start_time"": ""09:00""}]",kg,,,,,,UTC
5394c8f1-7784-4148-a8b5-5114f1abeb85,79c8863b-cc36-4745-a8e3-ad826ecb9d8c,44a324c3-7892-4f75-a065-eb2ae1c9d64c,,3,claimed,2025-09-08 05:47:06.238+00,,2025-09-01 10:14:50.191517+00,2025-09-08 05:47:06.406872+00,,,"[{""date"": ""2025-09-01"", ""end_time"": ""10:30"", ""start_time"": ""09:00""}]",kg,,,,,,UTC